INSERT INTO Departments (DepartmentID, Name, Location) VALUES (1, 'Engineering', 'Toronto');
INSERT INTO Departments (DepartmentID, Name, Location) VALUES (2, 'HR', 'Vancouver');
INSERT INTO Departments (DepartmentID, Name, Location) VALUES (3, 'Marketing', 'Montreal');
INSERT INTO Departments (DepartmentID, Name, Location) VALUES (4, 'Finance', 'Calgary');
INSERT INTO Departments (DepartmentID, Name, Location) VALUES (5, 'Sales', 'Ottawa');
INSERT INTO Jobs (JobID, JobTitle, JobLevel) VALUES (1, 'Software Engineer', 'Level 2');
INSERT INTO Jobs (JobID, JobTitle, JobLevel) VALUES (2, 'HR Manager', 'Level 3');
INSERT INTO Jobs (JobID, JobTitle, JobLevel) VALUES (3, 'Marketing Coordinator', 'Level 1');
INSERT INTO Jobs (JobID, JobTitle, JobLevel) VALUES (4, 'Financial Analyst', 'Level 2');
INSERT INTO Jobs (JobID, JobTitle, JobLevel) VALUES (5, 'Sales Associate', 'Level 1');
INSERT INTO Jobs (JobID, JobTitle, JobLevel) VALUES (6, 'DevOps Engineer', 'Level 3');
INSERT INTO Jobs (JobID, JobTitle, JobLevel) VALUES (7, 'Recruiter', 'Level 2');
INSERT INTO Jobs (JobID, JobTitle, JobLevel) VALUES (8, 'SEO Specialist', 'Level 2');
INSERT INTO Jobs (JobID, JobTitle, JobLevel) VALUES (9, 'Accountant', 'Level 1');
INSERT INTO Jobs (JobID, JobTitle, JobLevel) VALUES (10, 'Sales Director', 'Level 4');
INSERT INTO Employees (EmployeeID, FirstName, LastName, Email, PhoneNumber, HireDate, DepartmentID, JobID, Salary, Status)
VALUES (1, 'George', 'Khan', 'george.khan0@example.com', '416-555-1000', '2021-01-04', 5, 10, 88122, 'Inactive');
INSERT INTO Employees (EmployeeID, FirstName, LastName, Email, PhoneNumber, HireDate, DepartmentID, JobID, Salary, Status)
VALUES (2, 'Fiona', 'Lee', 'fiona.lee1@example.com', '416-555-1001', '2020-09-16', 4, 2, 87851, 'Inactive');
INSERT INTO Employees (EmployeeID, FirstName, LastName, Email, PhoneNumber, HireDate, DepartmentID, JobID, Salary, Status)
VALUES (3, 'Alice', 'Lee', 'alice.lee2@example.com', '416-555-1002', '2018-12-20', 3, 1, 89705, 'Inactive');
INSERT INTO Employees (EmployeeID, FirstName, LastName, Email, PhoneNumber, HireDate, DepartmentID, JobID, Salary, Status)
VALUES (4, 'George', 'Garcia', 'george.garcia3@example.com', '416-555-1003', '2021-10-30', 2, 7, 101957, 'Inactive');
INSERT INTO Employees (EmployeeID, FirstName, LastName, Email, PhoneNumber, HireDate, DepartmentID, JobID, Salary, Status)
VALUES (5, 'Hannah', 'Lee', 'hannah.lee4@example.com', '416-555-1004', '2017-10-24', 2, 2, 70139, 'Inactive');
INSERT INTO Employees (EmployeeID, FirstName, LastName, Email, PhoneNumber, HireDate, DepartmentID, JobID, Salary, Status)
VALUES (6, 'Ian', 'Smith', 'ian.smith5@example.com', '416-555-1005', '2021-04-16', 4, 7, 97836, 'Inactive');
INSERT INTO Employees (EmployeeID, FirstName, LastName, Email, PhoneNumber, HireDate, DepartmentID, JobID, Salary, Status)
VALUES (7, 'Evan', 'Singh', 'evan.singh6@example.com', '416-555-1006', '2015-01-22', 5, 10, 92168, 'Active');
INSERT INTO Employees (EmployeeID, FirstName, LastName, Email, PhoneNumber, HireDate, DepartmentID, JobID, Salary, Status)
VALUES (8, 'Julia', 'Nguyen', 'julia.nguyen7@example.com', '416-555-1007', '2015-10-19', 1, 2, 93967, 'Inactive');
INSERT INTO Employees (EmployeeID, FirstName, LastName, Email, PhoneNumber, HireDate, DepartmentID, JobID, Salary, Status)
VALUES (9, 'Ian', 'Nguyen', 'ian.nguyen8@example.com', '416-555-1008', '2016-10-09', 1, 2, 74522, 'Active');
INSERT INTO Employees (EmployeeID, FirstName, LastName, Email, PhoneNumber, HireDate, DepartmentID, JobID, Salary, Status)
VALUES (10, 'Charlie', 'Lee', 'charlie.lee9@example.com', '416-555-1009', '2022-03-17', 4, 9, 87092, 'Active');
INSERT INTO Employees (EmployeeID, FirstName, LastName, Email, PhoneNumber, HireDate, DepartmentID, JobID, Salary, Status)
VALUES (11, 'Fiona', 'Khan', 'fiona.khan10@example.com', '416-555-1010', '2023-01-07', 5, 4, 117031, 'Active');
INSERT INTO Employees (EmployeeID, FirstName, LastName, Email, PhoneNumber, HireDate, DepartmentID, JobID, Salary, Status)
VALUES (12, 'Charlie', 'Brown', 'charlie.brown11@example.com', '416-555-1011', '2021-09-03', 5, 10, 60853, 'Inactive');
INSERT INTO Employees (EmployeeID, FirstName, LastName, Email, PhoneNumber, HireDate, DepartmentID, JobID, Salary, Status)
VALUES (13, 'Alice', 'Nguyen', 'alice.nguyen12@example.com', '416-555-1012', '2021-09-14', 2, 9, 79157, 'Inactive');
INSERT INTO Employees (EmployeeID, FirstName, LastName, Email, PhoneNumber, HireDate, DepartmentID, JobID, Salary, Status)
VALUES (14, 'Bob', 'Wilson', 'bob.wilson13@example.com', '416-555-1013', '2015-06-28', 4, 5, 97745, 'Active');
INSERT INTO Employees (EmployeeID, FirstName, LastName, Email, PhoneNumber, HireDate, DepartmentID, JobID, Salary, Status)
VALUES (15, 'Ian', 'Khan', 'ian.khan14@example.com', '416-555-1014', '2015-12-24', 3, 5, 115309, 'Inactive');
INSERT INTO Employees (EmployeeID, FirstName, LastName, Email, PhoneNumber, HireDate, DepartmentID, JobID, Salary, Status)
VALUES (16, 'Julia', 'Brown', 'julia.brown15@example.com', '416-555-1015', '2021-03-28', 2, 9, 114302, 'Inactive');
INSERT INTO Employees (EmployeeID, FirstName, LastName, Email, PhoneNumber, HireDate, DepartmentID, JobID, Salary, Status)
VALUES (17, 'Hannah', 'Garcia', 'hannah.garcia16@example.com', '416-555-1016', '2021-04-19', 3, 2, 112621, 'Inactive');
INSERT INTO Employees (EmployeeID, FirstName, LastName, Email, PhoneNumber, HireDate, DepartmentID, JobID, Salary, Status)
VALUES (18, 'Bob', 'Chen', 'bob.chen17@example.com', '416-555-1017', '2022-12-16', 5, 1, 85269, 'Active');
INSERT INTO Employees (EmployeeID, FirstName, LastName, Email, PhoneNumber, HireDate, DepartmentID, JobID, Salary, Status)
VALUES (19, 'George', 'Patel', 'george.patel18@example.com', '416-555-1018', '2017-10-09', 5, 6, 74091, 'Active');
INSERT INTO Employees (EmployeeID, FirstName, LastName, Email, PhoneNumber, HireDate, DepartmentID, JobID, Salary, Status)
VALUES (20, 'Fiona', 'Wilson', 'fiona.wilson19@example.com', '416-555-1019', '2021-09-30', 2, 5, 115955, 'Inactive');
INSERT INTO Employees (EmployeeID, FirstName, LastName, Email, PhoneNumber, HireDate, DepartmentID, JobID, Salary, Status)
VALUES (21, 'Evan', 'Smith', 'evan.smith20@example.com', '416-555-1020', '2018-10-22', 1, 5, 75795, 'Inactive');
INSERT INTO Employees (EmployeeID, FirstName, LastName, Email, PhoneNumber, HireDate, DepartmentID, JobID, Salary, Status)
VALUES (22, 'Fiona', 'Garcia', 'fiona.garcia21@example.com', '416-555-1021', '2018-06-14', 5, 1, 102607, 'Inactive');
INSERT INTO Employees (EmployeeID, FirstName, LastName, Email, PhoneNumber, HireDate, DepartmentID, JobID, Salary, Status)
VALUES (23, 'George', 'Chen', 'george.chen22@example.com', '416-555-1022', '2016-10-09', 2, 9, 103659, 'Inactive');
INSERT INTO Employees (EmployeeID, FirstName, LastName, Email, PhoneNumber, HireDate, DepartmentID, JobID, Salary, Status)
VALUES (24, 'Julia', 'Singh', 'julia.singh23@example.com', '416-555-1023', '2020-04-18', 5, 4, 96972, 'Active');
INSERT INTO Employees (EmployeeID, FirstName, LastName, Email, PhoneNumber, HireDate, DepartmentID, JobID, Salary, Status)
VALUES (25, 'Fiona', 'Nguyen', 'fiona.nguyen24@example.com', '416-555-1024', '2020-07-23', 4, 7, 78896, 'Inactive');
INSERT INTO Employees (EmployeeID, FirstName, LastName, Email, PhoneNumber, HireDate, DepartmentID, JobID, Salary, Status)
VALUES (26, 'Diana', 'Chen', 'diana.chen25@example.com', '416-555-1025', '2022-03-04', 3, 3, 96158, 'Active');
INSERT INTO Employees (EmployeeID, FirstName, LastName, Email, PhoneNumber, HireDate, DepartmentID, JobID, Salary, Status)
VALUES (27, 'Charlie', 'Wilson', 'charlie.wilson26@example.com', '416-555-1026', '2019-11-30', 3, 7, 116363, 'Active');
INSERT INTO Employees (EmployeeID, FirstName, LastName, Email, PhoneNumber, HireDate, DepartmentID, JobID, Salary, Status)
VALUES (28, 'Evan', 'Lee', 'evan.lee27@example.com', '416-555-1027', '2019-12-23', 5, 3, 104160, 'Inactive');
INSERT INTO Employees (EmployeeID, FirstName, LastName, Email, PhoneNumber, HireDate, DepartmentID, JobID, Salary, Status)
VALUES (29, 'Evan', 'Nguyen', 'evan.nguyen28@example.com', '416-555-1028', '2017-07-23', 3, 6, 89610, 'Inactive');
INSERT INTO Employees (EmployeeID, FirstName, LastName, Email, PhoneNumber, HireDate, DepartmentID, JobID, Salary, Status)
VALUES (30, 'Alice', 'Wilson', 'alice.wilson29@example.com', '416-555-1029', '2021-05-08', 5, 3, 77941, 'Inactive');
INSERT INTO Employees (EmployeeID, FirstName, LastName, Email, PhoneNumber, HireDate, DepartmentID, JobID, Salary, Status)
VALUES (31, 'Diana', 'Singh', 'diana.singh30@example.com', '416-555-1030', '2018-12-05', 2, 9, 94648, 'Active');
INSERT INTO Employees (EmployeeID, FirstName, LastName, Email, PhoneNumber, HireDate, DepartmentID, JobID, Salary, Status)
VALUES (32, 'George', 'Chen', 'george.chen31@example.com', '416-555-1031', '2018-09-04', 2, 10, 91459, 'Active');
INSERT INTO Employees (EmployeeID, FirstName, LastName, Email, PhoneNumber, HireDate, DepartmentID, JobID, Salary, Status)
VALUES (33, 'Alice', 'Singh', 'alice.singh32@example.com', '416-555-1032', '2019-07-21', 4, 4, 103401, 'Inactive');
INSERT INTO Employees (EmployeeID, FirstName, LastName, Email, PhoneNumber, HireDate, DepartmentID, JobID, Salary, Status)
VALUES (34, 'George', 'Patel', 'george.patel33@example.com', '416-555-1033', '2015-06-24', 5, 3, 81111, 'Active');
INSERT INTO Employees (EmployeeID, FirstName, LastName, Email, PhoneNumber, HireDate, DepartmentID, JobID, Salary, Status)
VALUES (35, 'George', 'Chen', 'george.chen34@example.com', '416-555-1034', '2019-06-28', 1, 5, 70256, 'Active');
INSERT INTO Employees (EmployeeID, FirstName, LastName, Email, PhoneNumber, HireDate, DepartmentID, JobID, Salary, Status)
VALUES (36, 'Diana', 'Nguyen', 'diana.nguyen35@example.com', '416-555-1035', '2017-05-13', 1, 10, 73118, 'Active');
INSERT INTO Employees (EmployeeID, FirstName, LastName, Email, PhoneNumber, HireDate, DepartmentID, JobID, Salary, Status)
VALUES (37, 'Bob', 'Patel', 'bob.patel36@example.com', '416-555-1036', '2020-05-03', 5, 3, 99276, 'Inactive');
INSERT INTO Employees (EmployeeID, FirstName, LastName, Email, PhoneNumber, HireDate, DepartmentID, JobID, Salary, Status)
VALUES (38, 'Julia', 'Garcia', 'julia.garcia37@example.com', '416-555-1037', '2016-05-05', 4, 1, 66286, 'Active');
INSERT INTO Employees (EmployeeID, FirstName, LastName, Email, PhoneNumber, HireDate, DepartmentID, JobID, Salary, Status)
VALUES (39, 'Diana', 'Chen', 'diana.chen38@example.com', '416-555-1038', '2015-08-29', 4, 1, 115742, 'Inactive');
INSERT INTO Employees (EmployeeID, FirstName, LastName, Email, PhoneNumber, HireDate, DepartmentID, JobID, Salary, Status)
VALUES (40, 'George', 'Smith', 'george.smith39@example.com', '416-555-1039', '2016-10-15', 3, 5, 103197, 'Active');
INSERT INTO Employees (EmployeeID, FirstName, LastName, Email, PhoneNumber, HireDate, DepartmentID, JobID, Salary, Status)
VALUES (41, 'Evan', 'Brown', 'evan.brown40@example.com', '416-555-1040', '2020-08-25', 3, 2, 67317, 'Active');
INSERT INTO Employees (EmployeeID, FirstName, LastName, Email, PhoneNumber, HireDate, DepartmentID, JobID, Salary, Status)
VALUES (42, 'George', 'Lee', 'george.lee41@example.com', '416-555-1041', '2017-10-24', 2, 5, 119208, 'Active');
INSERT INTO Employees (EmployeeID, FirstName, LastName, Email, PhoneNumber, HireDate, DepartmentID, JobID, Salary, Status)
VALUES (43, 'Julia', 'Khan', 'julia.khan42@example.com', '416-555-1042', '2021-10-08', 5, 9, 87118, 'Inactive');
INSERT INTO Employees (EmployeeID, FirstName, LastName, Email, PhoneNumber, HireDate, DepartmentID, JobID, Salary, Status)
VALUES (44, 'Charlie', 'Garcia', 'charlie.garcia43@example.com', '416-555-1043', '2021-12-16', 3, 10, 114852, 'Inactive');
INSERT INTO Employees (EmployeeID, FirstName, LastName, Email, PhoneNumber, HireDate, DepartmentID, JobID, Salary, Status)
VALUES (45, 'Julia', 'Wilson', 'julia.wilson44@example.com', '416-555-1044', '2017-04-08', 4, 8, 75362, 'Active');
INSERT INTO Employees (EmployeeID, FirstName, LastName, Email, PhoneNumber, HireDate, DepartmentID, JobID, Salary, Status)
VALUES (46, 'Julia', 'Chen', 'julia.chen45@example.com', '416-555-1045', '2016-06-10', 5, 6, 113175, 'Active');
INSERT INTO Employees (EmployeeID, FirstName, LastName, Email, PhoneNumber, HireDate, DepartmentID, JobID, Salary, Status)
VALUES (47, 'Ian', 'Lee', 'ian.lee46@example.com', '416-555-1046', '2021-08-31', 3, 7, 61384, 'Active');
INSERT INTO Employees (EmployeeID, FirstName, LastName, Email, PhoneNumber, HireDate, DepartmentID, JobID, Salary, Status)
VALUES (48, 'Julia', 'Khan', 'julia.khan47@example.com', '416-555-1047', '2018-02-28', 5, 8, 89540, 'Active');
INSERT INTO Employees (EmployeeID, FirstName, LastName, Email, PhoneNumber, HireDate, DepartmentID, JobID, Salary, Status)
VALUES (49, 'Evan', 'Wilson', 'evan.wilson48@example.com', '416-555-1048', '2022-01-29', 4, 2, 77998, 'Active');
INSERT INTO Employees (EmployeeID, FirstName, LastName, Email, PhoneNumber, HireDate, DepartmentID, JobID, Salary, Status)
VALUES (50, 'Bob', 'Patel', 'bob.patel49@example.com', '416-555-1049', '2020-11-24', 2, 6, 117051, 'Active');